use biblioteca;

INSERT INTO Autores (id, nome, nacionalidade, data_nascimento, livros_total) VALUES
(1, 'Matheus Costa', 'Suiça', '1995-09-01', 10),
(2, 'Mara Costa', 'Brasilia', '1952-07-02', 7),
(3, 'Benício Farias', 'Antártica', '1970-06-12', 14),
(4, 'João Guilherme da Paz', 'Dinamarca', '1964-06-13', 19),
(5, 'Lívia Novaes', 'Moldávia', '1947-10-24', 20),
(6, 'Ana Paula Ribeiro', 'Noruega', '1958-04-15', 12),
(7, 'Carlos Eduardo Lima', 'Suécia', '1966-11-30', 9),
(8, 'Fernanda Moura', 'Finlândia', '1974-09-10', 15),
(9, 'Ricardo Gomes', 'Islândia', '1955-01-20', 13),
(10, 'Juliana Alves', 'Estônia', '1980-12-05', 8),
(11, 'Pedro Henrique Silva', 'Letônia', '1968-07-18', 11),
(12, 'Camila Duarte', 'Lituânia', '1972-03-22', 16),
(13, 'Marcelo Fernandes', 'Geórgia', '1945-05-28', 14),
(14, 'Sofia Castro', 'Armênia', '1961-08-14', 10),
(15, 'Lucas Martins', 'Bielorrússia', '1953-02-09', 7),
(16, 'Isabela Rocha', 'Ucrânia', '1978-06-30', 17),
(17, 'Bruno Carvalho', 'Moldávia', '1949-09-12', 19),
(18, 'Patrícia Santos', 'Cazaquistão', '1967-04-27', 12),
(19, 'Roberto Almeida', 'Hungria', '1950-11-21', 15),
(20, 'Carolina Ferreira', 'Polônia', '1973-10-13', 9),
(21, 'Thiago Moreira', 'República Tcheca', '1962-05-19', 18),
(22, 'Amanda Ribeiro', 'Eslováquia', '1957-12-08', 14),
(23, 'Eduardo Lopes', 'Bulgária', '1946-03-04', 11),
(24, 'Renata Souza', 'Romênia', '1975-07-25', 10),
(25, 'Vitor Hugo Dias', 'Albânia', '1951-01-15', 13),
(26, 'Mariana Barros', 'Croácia', '1969-09-03', 16),
(27, 'Gabriel Nunes', 'Sérvia', '1948-06-20', 17),
(28, 'Julieta Mendes', 'Montenegro', '1977-02-28', 8),
(29, 'Felipe Cardoso', 'Bósnia', '1963-08-11', 14),
(30, 'Letícia Pires', 'Eslovênia', '1954-10-07', 12),
(31, 'Daniel Oliveira', 'Macedônia', '1971-04-09', 15),
(32, 'Bianca Gomes', 'Kosovo', '1960-11-17', 9),
(33, 'Rodrigo Silva', 'Noruega', '1947-07-29', 18),
(34, 'Aline Santana', 'Suécia', '1959-05-26', 13),
(35, 'Fernando Costa', 'Finlândia', '1976-01-03', 11),
(36, 'Elaine Ribeiro', 'Islândia', '1965-12-19', 10),
(37, 'Gustavo Souza', 'Estônia', '1952-09-15', 14),
(38, 'Patrícia Lopes', 'Letônia', '1949-03-27', 7),
(39, 'Marcela Fernandes', 'Lituânia', '1964-08-04', 12),
(40, 'Nome Exemplo', 'País Exemplo', '1960-01-01', 5);


INSERT INTO Usuarios (id, nome, email, telefone, data_cadastro, total_emprestimos) VALUES
(1, 'Camila Lopes', 'portomarcos-vinicius@da.com', '+55 81 9666 6760', '2020-09-14', 3),
(2, 'Catarina Moura', 'rebeca83@almeida.net', '+55 21 5421-6894', '2021-10-20', 13),
(3, 'Augusto Jesus', 'msilveira@bol.com.br', '(081) 6257 5326', '2020-07-18', 7),
(4, 'Lucas Carvalho', 'lucas.carvalho@gmail.com', '+55 11 98765 4321', '2022-01-12', 5),
(5, 'Fernanda Alves', 'fernanda.alves@hotmail.com', '+55 31 99999 8888', '2019-11-23', 9),
(6, 'Gabriel Santos', 'gabriel.santos@yahoo.com', '+55 41 91234 5678', '2023-03-04', 2),
(7, 'Isabela Ferreira', 'isabela.ferreira@mail.com', '+55 71 98765 4321', '2021-06-15', 6),
(8, 'Ricardo Lima', 'ricardo.lima@uol.com.br', '+55 85 99887 7766', '2020-05-30', 10),
(9, 'Patrícia Souza', 'patricia.souza@gmail.com', '+55 61 91234 5555', '2022-08-09', 1),
(10, 'Thiago Rodrigues', 'thiago.rodrigues@hotmail.com', '+55 27 99999 1111', '2021-09-17', 12),
(11, 'Amanda Costa', 'amanda.costa@yahoo.com', '+55 62 98765 4321', '2020-02-26', 4),
(12, 'Eduardo Nunes', 'eduardo.nunes@mail.com', '+55 83 99888 7777', '2019-12-10', 8),
(13, 'Larissa Almeida', 'larissa.almeida@gmail.com', '+55 95 91111 2222', '2023-04-01', 3),
(14, 'Bruno Martins', 'bruno.martins@hotmail.com', '+55 82 99999 3333', '2021-11-20', 7),
(15, 'Juliana Ribeiro', 'juliana.ribeiro@yahoo.com', '+55 86 98888 4444', '2020-06-07', 5),
(16, 'Marcelo Santos', 'marcelo.santos@mail.com', '+55 54 97777 5555', '2022-03-14', 9),
(17, 'Carolina Lima', 'carolina.lima@gmail.com', '+55 47 96666 6666', '2020-10-30', 2),
(18, 'Felipe Oliveira', 'felipe.oliveira@hotmail.com', '+55 99 95555 7777', '2019-09-05', 10),
(19, 'Sofia Fernandes', 'sofia.fernandes@yahoo.com', '+55 24 94444 8888', '2021-01-25', 6),
(20, 'Daniela Barros', 'daniela.barros@mail.com', '+55 32 93333 9999', '2020-04-18', 4),
(21, 'Rafael Gomes', 'rafael.gomes@gmail.com', '+55 65 92222 1111', '2022-07-22', 8),
(22, 'Bianca Pinto', 'bianca.pinto@hotmail.com', '+55 51 91111 2222', '2021-03-10', 7),
(23, 'Victor Souza', 'victor.souza@yahoo.com', '+55 77 90000 3333', '2019-10-28', 11),
(24, 'Amanda Dias', 'amanda.dias@mail.com', '+55 23 98888 4444', '2020-08-16', 5),
(25, 'Lucas Fernandes', 'lucas.fernandes@gmail.com', '+55 31 97777 5555', '2021-05-04', 6),
(26, 'Larissa Rocha', 'larissa.rocha@hotmail.com', '+55 85 96666 6666', '2022-02-27', 3),
(27, 'Gustavo Almeida', 'gustavo.almeida@yahoo.com', '+55 71 95555 7777', '2020-12-12', 9),
(28, 'Patrícia Santos', 'patricia.santos@mail.com', '+55 61 94444 8888', '2019-08-19', 7),
(29, 'Matheus Lima', 'matheus.lima@gmail.com', '+55 27 93333 9999', '2021-07-29', 10),
(30, 'Juliana Barbosa', 'juliana.barbosa@hotmail.com', '+55 62 92222 1111', '2020-03-11', 4),
(31, 'Eduardo Moreira', 'eduardo.moreira@yahoo.com', '+55 83 91111 2222', '2019-11-05', 8),
(32, 'Fernanda Oliveira', 'fernanda.oliveira@mail.com', '+55 95 90000 3333', '2022-06-20', 3),
(33, 'Renato Costa', 'renato.costa@gmail.com', '+55 82 98888 4444', '2021-09-01', 5),
(34, 'Marina Carvalho', 'marina.carvalho@hotmail.com', '+55 86 97777 5555', '2020-01-15', 7),
(35, 'Rafael Pereira', 'rafael.pereira@yahoo.com', '+55 54 96666 6666', '2019-07-30', 6),
(36, 'Samantha Dias', 'samantha.dias@mail.com', '+55 47 95555 7777', '2021-04-23', 4),
(37, 'Diego Gomes', 'diego.gomes@gmail.com', '+55 99 94444 8888', '2020-11-17', 9),
(38, 'Juliana Silva', 'juliana.silva@hotmail.com', '+55 24 93333 9999', '2019-06-08', 3),
(39, 'Vinicius Almeida', 'vinicius.almeida@yahoo.com', '+55 32 92222 1111', '2022-05-14', 8),
(40, 'Nome Exemplo', 'email@exemplo.com', '+55 00 0000 0000', '2024-01-01', 2);


INSERT INTO Livros (id, titulo, ano_publicacao, genero, descricao, disponibilidade, quantidade_exemplares, id_autores) VALUES
(1, 'Cupiditate rerum nobis recusandae', 2002, 'Biografia', 'Optio eaque quam exercitationem iste nihil dolorem harum. Accusantium minima tenetur placeat.', 'Emprestado', 8, 27),
(2, 'Minima fuga aliquam minus', 1957, 'Ficção', 'Ratione fugit nihil qui quis possimus atque. Ducimus quisquam tenetur assumenda.', 'Reservado', 7, 38),
(3, 'Voluptates neque quo', 1952, 'Tecnologia', 'Aperiam dolore aspernatur alias. Ut id omnis enim vitae animi. Odit ipsa dicta omnis.', 'Emprestado', 7, 31),
(4, 'Aventuras em um novo mundo', 1999, 'Aventura', 'Relato épico de descobertas e perigos enfrentados por exploradores do século XIX.', 'Disponível', 10, 4),
(5, 'Sombras do Passado', 2005, 'Suspense', 'Mistérios de uma pequena cidade revelados após décadas de silêncio.', 'Reservado', 6, 12),
(6, 'O Código da Alma', 2012, 'Autoajuda', 'Uma jornada introspectiva rumo ao autoconhecimento e à paz interior.', 'Disponível', 9, 1),
(7, 'Inteligência Artificial e o Futuro', 2021, 'Tecnologia', 'Discussão sobre IA, ética e o impacto nas sociedades modernas.', 'Emprestado', 4, 36),
(8, 'O Último Reino', 1988, 'Ficção Histórica', 'Crônicas de reis e batalhas que moldaram impérios esquecidos.', 'Disponível', 5, 19),
(9, 'Além do Invisível', 2010, 'Ficção Científica', 'Narrativa de um cientista que viaja entre dimensões alternativas.', 'Emprestado', 3, 15),
(10, 'Coisas que Nunca Disse', 2015, 'Romance', 'História de amor marcada por silêncios e reencontros inesperados.', 'Disponível', 8, 22),
(11, 'Matemática Divertida', 2000, 'Educação', 'Aprenda matemática de forma prática e divertida para todas as idades.', 'Disponível', 6, 7),
(12, 'Nos Bastidores da História', 1994, 'História', 'Relatos de eventos históricos contados por testemunhas desconhecidas.', 'Reservado', 4, 33),
(13, 'A Lógica dos Sonhos', 2007, 'Psicologia', 'Análise dos sonhos sob a ótica de Freud e Jung.', 'Emprestado', 5, 9),
(14, 'Códigos do Universo', 2018, 'Física', 'Uma introdução à mecânica quântica e teoria das cordas.', 'Disponível', 7, 21),
(15, 'Culinária Sem Segredos', 1993, 'Gastronomia', 'Receitas fáceis com ingredientes acessíveis para o dia a dia.', 'Disponível', 9, 26),
(16, 'Poesia Urbana', 1985, 'Poesia', 'Versos modernos inspirados no caos e beleza das metrópoles.', 'Emprestado', 6, 3),
(17, 'Segredos de Família', 2011, 'Drama', 'Revelações chocantes mudam para sempre a vida de uma jovem mulher.', 'Reservado', 5, 10),
(18, 'Além das Estrelas', 1977, 'Ficção Científica', 'Expedição espacial descobre vida inteligente em outro sistema.', 'Disponível', 7, 6),
(19, 'O Pequeno Investigador', 2009, 'Infantil', 'Aventuras de um garoto curioso com espírito de detetive.', 'Emprestado', 3, 28),
(20, 'Gestão Inteligente', 2013, 'Administração', 'Técnicas modernas de gestão e liderança para empresas do século XXI.', 'Disponível', 6, 16),
(21, 'Fragmentos da Verdade', 1982, 'Filosofia', 'Reflexões sobre o ser, o tempo e a verdade.', 'Emprestado', 4, 8),
(22, 'A Arte da Guerra Digital', 2019, 'Tecnologia', 'Cibersegurança e estratégias em tempos de informação.', 'Reservado', 5, 24),
(23, 'A Magia das Estações', 2006, 'Natureza', 'Ciclos da natureza vistos sob lentes poéticas e científicas.', 'Disponível', 6, 14),
(24, 'O Último Poeta', 1980, 'Poesia', 'Obra lírica de um poeta que viveu recluso em um vilarejo.', 'Emprestado', 2, 5),
(25, 'Negócios na Era Digital', 2022, 'Empreendedorismo', 'Como crescer e inovar usando ferramentas digitais.', 'Disponível', 8, 18),
(26, 'Histórias de um Viajante', 1970, 'Aventura', 'Relatos de viagens a lugares inóspitos do planeta.', 'Reservado', 5, 2),
(27, 'O Som do Silêncio', 1996, 'Romance', 'Narrativa sensível sobre perdas e recomeços.', 'Disponível', 7, 11),
(28, 'Programando com Python', 2020, 'Tecnologia', 'Guia prático e moderno para iniciantes em Python.', 'Disponível', 10, 13),
(29, 'Reflexos do Passado', 1987, 'Drama', 'O retorno a uma cidade natal revela verdades ocultas.', 'Emprestado', 6, 34),
(30, 'Dicionário dos Seres Fantásticos', 2001, 'Fantasia', 'Enciclopédia ilustrada de criaturas mitológicas.', 'Disponível', 9, 32),
(31, 'Caminhos do Sucesso', 2017, 'Motivacional', 'Histórias inspiradoras para quem quer transformar sua vida.', 'Emprestado', 4, 29),
(32, 'Asas de Papel', 2004, 'Infantil', 'A história de um menino que sonhava em voar.', 'Reservado', 3, 35),
(33, 'Terapia do Cotidiano', 2016, 'Psicologia', 'Aplicações práticas da psicologia para o dia a dia.', 'Disponível', 6, 23),
(34, 'O Império das Máquinas', 1990, 'Ficção Científica', 'A rebelião das máquinas em um mundo dominado pela IA.', 'Emprestado', 7, 30),
(35, 'Manual do Jovem Cientista', 1998, 'Educação', 'Experimentos simples para despertar o interesse pela ciência.', 'Disponível', 8, 17),
(36, 'Entre Linhas e Letras', 1983, 'Literatura', 'Análise crítica de grandes obras da literatura mundial.', 'Reservado', 4, 20),
(37, 'A Linguagem do Corpo', 2014, 'Saúde', 'Comunicação não-verbal e como interpretar gestos e posturas.', 'Emprestado', 5, 25),
(38, 'Universo e Multiverso', 2023, 'Ciência', 'Explorações teóricas sobre realidades paralelas.', 'Disponível', 6, 39),
(39, 'Os Últimos Dias do Sol', 2008, 'Ficção', 'Quando o mundo começa a esfriar, resta a esperança.', 'Reservado', 7, 37),
(40, 'Título Exemplo', 2020, 'Romance', 'Descrição exemplo para o livro.', 'Disponível', 5, 10);


INSERT INTO Emprestimos (id, id_usuario, id_livro, data_emprestimo, data_devolucao_real, status, atraso_dias) VALUES
(1, 23, 30, '2025-05-13', '2025-05-28', 'Pendente', 0),
(2, 17, 15, '2024-08-11', '2024-08-21', 'Atrasado', 7),
(3, 21, 8, '2025-05-12', '2025-06-11', 'Atrasado', 6),
(4, 5, 3, '2024-12-10', '2024-12-20', 'Devolvido', 0),
(5, 12, 25, '2025-01-05', '2025-01-25', 'Devolvido', 2),
(6, 8, 13, '2025-03-17', '2025-04-01', 'Devolvido', 0),
(7, 3, 18, '2025-05-01', '2025-05-15', 'Pendente', 0),
(8, 29, 6, '2024-09-20', '2024-10-10', 'Atrasado', 5),
(9, 33, 9, '2025-04-10', '2025-04-27', 'Devolvido', 0),
(10, 19, 21, '2024-11-05', '2024-11-25', 'Atrasado', 3),
(11, 26, 11, '2025-03-02', '2025-03-22', 'Devolvido', 0),
(12, 36, 1, '2024-10-10', '2024-10-30', 'Devolvido', 1),
(13, 13, 7, '2025-05-02', '2025-05-16', 'Pendente', 0),
(14, 9, 26, '2024-12-20', '2025-01-05', 'Atrasado', 4),
(15, 6, 35, '2025-02-12', '2025-03-01', 'Devolvido', 0),
(16, 15, 2, '2025-03-25', '2025-04-10', 'Devolvido', 0),
(17, 11, 5, '2024-11-30', '2024-12-15', 'Devolvido', 0),
(18, 18, 16, '2025-04-01', '2025-04-21', 'Devolvido', 0),
(19, 7, 14, '2025-05-05', '2025-05-19', 'Pendente', 0),
(20, 10, 23, '2024-08-15', '2024-09-01', 'Atrasado', 10),
(21, 1, 4, '2025-01-08', '2025-01-25', 'Devolvido', 0),
(22, 20, 31, '2025-02-01', '2025-02-20', 'Devolvido', 2),
(23, 27, 33, '2024-10-25', '2024-11-10', 'Atrasado', 6),
(24, 30, 28, '2025-03-14', '2025-04-01', 'Devolvido', 0),
(25, 24, 17, '2025-05-10', '2025-05-24', 'Pendente', 0),
(26, 32, 20, '2024-07-12', '2024-07-25', 'Devolvido', 0),
(27, 2, 12, '2025-01-20', '2025-02-10', 'Devolvido', 1),
(28, 28, 10, '2024-10-01', '2024-10-20', 'Atrasado', 3),
(29, 4, 22, '2025-02-05', '2025-02-25', 'Devolvido', 0),
(30, 34, 37, '2025-04-15', '2025-05-01', 'Devolvido', 0),
(31, 31, 19, '2025-03-28', '2025-04-12', 'Devolvido', 0),
(32, 16, 24, '2024-09-15', '2024-10-01', 'Atrasado', 5),
(33, 14, 27, '2025-04-05', '2025-04-20', 'Devolvido', 0),
(34, 22, 32, '2025-03-01', '2025-03-20', 'Devolvido', 0),
(35, 38, 38, '2024-08-01', '2024-08-15', 'Atrasado', 8),
(36, 40, 36, '2025-01-12', '2025-01-28', 'Devolvido', 0),
(37, 25, 34, '2025-05-07', '2025-05-20', 'Pendente', 0),
(38, 39, 39, '2024-09-10', '2024-09-28', 'Devolvido', 0),
(39, 37, 40, '2025-03-30', '2025-04-15', 'Devolvido', 0),
(40, 35, 22, '2025-02-20', '2025-03-15', 'Devolvido', 1);

INSERT INTO Reservas (id, id_usuario, id_livro, data_reserva, status_reserva, posicao_na_fila) VALUES
(1, 36, 3, '2025-05-20', 'Cancelada', 2),
(2, 21, 17, '2025-05-20', 'Cancelada', 2),
(3, 26, 33, '2025-05-20', 'Ativa', 9),
(4, 5, 12, '2025-05-19', 'Ativa', 1),
(5, 18, 8, '2025-05-18', 'Finalizada', 1),
(6, 9, 2, '2025-05-17', 'Ativa', 3),
(7, 30, 19, '2025-05-16', 'Cancelada', 5),
(8, 4, 14, '2025-05-15', 'Finalizada', 1),
(9, 10, 6, '2025-05-14', 'Ativa', 2),
(10, 12, 1, '2025-05-13', 'Finalizada', 1),
(11, 25, 5, '2025-05-12', 'Cancelada', 3),
(12, 2, 7, '2025-05-11', 'Ativa', 4),
(13, 6, 11, '2025-05-10', 'Ativa', 1),
(14, 15, 10, '2025-05-09', 'Finalizada', 1),
(15, 37, 35, '2025-05-08', 'Ativa', 2),
(16, 7, 13, '2025-05-07', 'Cancelada', 3),
(17, 29, 15, '2025-05-06', 'Finalizada', 1),
(18, 17, 21, '2025-05-05', 'Ativa', 4),
(19, 32, 16, '2025-05-04', 'Cancelada', 6),
(20, 14, 18, '2025-05-03', 'Finalizada', 1),
(21, 3, 4, '2025-05-02', 'Ativa', 1),
(22, 22, 20, '2025-05-01', 'Finalizada', 1),
(23, 13, 9, '2025-04-30', 'Ativa', 5),
(24, 19, 27, '2025-04-29', 'Ativa', 2),
(25, 28, 32, '2025-04-28', 'Finalizada', 1),
(26, 20, 24, '2025-04-27', 'Cancelada', 3),
(27, 23, 23, '2025-04-26', 'Ativa', 2),
(28, 8, 22, '2025-04-25', 'Finalizada', 1),
(29, 16, 25, '2025-04-24', 'Ativa', 1),
(30, 1, 26, '2025-04-23', 'Ativa', 4),
(31, 31, 30, '2025-04-22', 'Cancelada', 5),
(32, 33, 31, '2025-04-21', 'Finalizada', 1),
(33, 34, 28, '2025-04-20', 'Ativa', 1),
(34, 11, 34, '2025-04-19', 'Ativa', 2),
(35, 27, 29, '2025-04-18', 'Cancelada', 6),
(36, 24, 36, '2025-04-17', 'Finalizada', 1),
(37, 38, 37, '2025-04-16', 'Ativa', 3),
(38, 35, 38, '2025-04-15', 'Ativa', 1),
(39, 39, 40, '2025-04-14', 'Finalizada', 1),
(40, 30, 18, '2025-04-20', 'Finalizada', 1);

